 Toys,  Watch, Sanitizer,  Stroller,  Shampoo, Diapers
 Sunglass,  Gloves,  Printer,  Biscuits,  Mobile,  Pillow, T-Shirt,  Toys,  Router, Flashlight,  Shampoo,  Oximeter,  Watch
Flashlight,  Pillow, Diapers,  Printer,  Shoe,  Coffee,  Stroller,  Bottle,  Router,  Toys, Sanitizer,  Gloves, T-Shirt,  Sunglass,  Wallet
 Biscuits,  Cutlery,  Masks,  Bottle,  Laptop,  Printer,  Sunglass, Diapers,  Wallet,  Watch,  Backpack,  Mobile
 Biscuits,  Shampoo,  Router,  Pillow, Headphone,  Oximeter
 Printer,  Watch,  Router, Headphone,  Stroller,  Bottle
 Biscuits,  Coffee,  Tent,  Backpack,  Gloves,  Bottle,  Pillow
 Stroller,  Band-aid,  Laptop,  Blanket, Sanitizer,  Masks
 Stroller, Sanitizer,  Blanket,  Blender,  Pillow,  Bottle,  Cutlery,  Biscuits,  Sunglass,  Band-aid,  Shoe, Flashlight,  Laptop, Headphone, Diapers
 Masks,  Mobile, Diapers, Sanitizer,  Cutlery,  Biscuits,  Coffee,  Blender,  Printer,  Router,  Watch
 Sunglass,  Coffee,  Mobile, T-Shirt, Flashlight,  Wallet,  Pillow
 Stroller,  Blanket,  Printer,  Blender, T-Shirt,  Shampoo,  Watch,  Cutlery,  Backpack,  Mobile, Flashlight,  Sunglass,  Toys,  Biscuits
 Shampoo,  Biscuits,  Stroller,  Toys,  Band-aid
Sanitizer,  Biscuits,  Gloves, Diapers,  Blender
 Toys,  Coffee,  Biscuits,  Wallet,  Mobile,  Blender,  Printer, Flashlight,  Gloves, Toaster
 Blender,  Printer,  Masks,  Stroller,  Bottle,  Tent, Flashlight,  Router,  Toys,  Coffee,  Cutlery,  Laptop,  Watch,  Oximeter,  Biscuits
 Cutlery, Toaster,  Router,  Watch,  Shoe,  Mobile,  Printer,  Pillow,  Blender,  Sunglass,  Bottle,  Band-aid,  Backpack, Sanitizer
 Stroller, Toaster,  Tent,  Router,  Biscuits,  Sunglass,  Pillow, Diapers,  Mobile
 Watch, Headphone,  Pillow,  Gloves,  Backpack,  Mobile,  Toys
Headphone,  Shoe,  Watch,  Stroller,  Cutlery, Diapers,  Pillow,  Shampoo,  Tent, Sanitizer,  Sunglass,  Laptop,  Printer,  Mobile
